size,method,objective,gap_best_pct,sum_dev,conflicts,peak,load_std,t_first,t_best,t_total,n_runs,n_solved,n_feasible,n_optimal,n_infeasible_proved
L,cpsat,118.667,0.0,78.667,0.0,4.0,1.156,0.231,51.663,60.14,3,3,3,0,0
L,ga,285.333,140.805,218.667,1.333,4.0,1.123,0.006,16.764,20.138,3,3,3,0,0
L,h1,205.0,72.509,135.0,1.667,3.667,1.11,0.043,0.043,0.043,3,3,3,0,0
L,h1h2,148.333,25.394,108.333,0.0,4.0,1.141,0.048,57.348,60.001,3,3,3,0,0
L,milp,1575.0,1400.0,905.0,31.0,5.0,1.325,7.369,7.369,62.802,3,1,1,0,0
L,milp_cbc,,,,,,,,,76.9,3,0,0,0,0
M,cpsat,37.0,0.0,17.0,0.0,2.0,0.747,0.06,1.85,1.937,3,3,3,3,0
M,ga,53.0,42.153,29.667,0.0,2.333,0.743,0.005,6.315,8.991,3,3,3,0,0
M,h1,61.0,63.798,27.667,0.333,2.667,0.742,0.007,0.007,0.007,3,3,3,0,0
M,h1h2,40.667,9.626,20.667,0.0,2.0,0.697,0.007,36.282,60.001,3,3,3,0,0
M,milp,50.0,32.986,30.0,0.0,2.0,0.702,0.841,21.999,60.411,3,3,3,0,0
M,milp_cbc,57.5,59.776,37.5,0.0,2.0,0.721,19.465,47.105,60.012,3,2,2,0,0
S,cpsat,20.0,0.0,10.0,0.0,1.0,0.468,0.038,0.054,0.155,3,3,3,3,0
S,ga,22.0,9.825,12.0,0.0,1.0,0.468,0.004,1.382,3.407,3,3,3,0,0
S,h1,22.667,13.602,9.333,0.0,1.333,0.49,0.002,0.002,0.002,3,3,3,0,0
S,h1h2,20.333,1.515,10.333,0.0,1.0,0.468,0.002,1.153,11.432,3,3,3,0,0
S,milp,20.667,3.175,10.667,0.0,1.0,0.468,0.186,13.94,30.997,3,3,3,2,0
S,milp_cbc,21.333,6.277,11.333,0.0,1.0,0.468,1.348,7.024,42.981,3,3,3,1,0
