size,seed,instance,n_machines,n_stops,n_pairs,method,status,bound,t_first,t_best,t_opt,t_total,objective,sum_dev,max_dev,conflicts,peak,load_std,overload,feasible,gap_best_pct
S,1,S_s1,5,22,25,milp,feasible,13.0,0.28452850005123764,18.620581199997105,,60.14294309995603,23.0,13.0,3.0,0.0,1.0,0.4797527135282,0.0,True,9.523809523809524
S,1,S_s1,5,22,25,milp_cbc,feasible,,0.6629198000160977,8.792919800016097,,60.07956410001498,24.0,14.0,4.0,0.0,1.0,0.4797527135282,0.0,True,14.285714285714286
S,1,S_s1,5,22,25,cpsat,optimal,21.0,0.09135330002754927,0.11606470006518066,0.37584610003978014,0.37584610003978014,21.0,11.0,3.0,0.0,1.0,0.4797527135282,0.0,True,0.0
S,1,S_s1,5,22,25,h1,heuristic,,0.002685300074517727,0.002685300074517727,,0.002687100088223815,23.0,13.0,4.0,0.0,1.0,0.4797527135282,0.0,True,9.523809523809524
S,1,S_s1,5,22,25,h1h2,heuristic,,0.0034715000074356794,0.8144430000102147,,15.918928400031291,21.0,11.0,3.0,0.0,1.0,0.4797527135282,0.0,True,0.0
S,1,S_s1,5,22,25,ga,heuristic,,0.003643799922429025,1.3871414000168443,,3.765576899982989,25.0,15.0,4.0,0.0,1.0,0.47975271352820004,0.0,True,19.047619047619047
S,2,S_s2,5,16,16,milp,optimal,21.999999999999275,0.17623580002691597,21.989488799939863,27.404399099992588,27.404399099992588,22.0,12.0,5.0,0.0,1.0,0.4663495038221122,0.0,True,0.0
S,2,S_s2,5,16,16,milp_cbc,feasible,,2.9208486000681297,6.940848600068129,,60.008731200010516,23.0,13.0,5.0,0.0,1.0,0.4663495038221122,0.0,True,4.545454545454546
S,2,S_s2,5,16,16,cpsat,optimal,22.0,0.01145130000077188,0.031177100026980042,0.0525421000784263,0.0525421000784263,22.0,12.0,4.0,0.0,1.0,0.4663495038221122,0.0,True,0.0
S,2,S_s2,5,16,16,h1,heuristic,,0.0009754999773576856,0.0009754999773576856,,0.0009760999819263816,25.0,5.0,2.0,0.0,2.0,0.5320297268075663,0.0,True,13.636363636363637
S,2,S_s2,5,16,16,h1h2,heuristic,,0.0009059999138116837,2.463145799934864,,9.451789199956693,23.0,13.0,3.0,0.0,1.0,0.4663495038221122,0.0,True,4.545454545454546
S,2,S_s2,5,16,16,ga,heuristic,,0.00248930009547621,0.30492420005612075,,1.672603000071831,23.0,13.0,5.0,0.0,1.0,0.4663495038221122,0.0,True,4.545454545454546
S,3,S_s3,5,18,20,milp,optimal,16.999999999998245,0.0964080000994727,1.211120399995707,5.445060200057924,5.445060200057924,17.0,7.0,3.0,0.0,1.0,0.45698159493992935,0.0,True,0.0
S,3,S_s3,5,18,20,milp_cbc,optimal,,0.4592744999565184,5.3392744999565185,8.854567799950019,8.854567799950019,17.0,7.0,4.0,0.0,1.0,0.45698159493992935,0.0,True,0.0
S,3,S_s3,5,18,20,cpsat,optimal,17.0,0.010833200067281723,0.014850900042802095,0.03694220003671944,0.03694220003671944,17.0,7.0,4.0,0.0,1.0,0.45698159493992935,0.0,True,0.0
S,3,S_s3,5,18,20,h1,heuristic,,0.0010219999821856618,0.0010219999821856618,,0.0010225999867543578,20.0,10.0,3.0,0.0,1.0,0.45698159493992935,0.0,True,17.647058823529413
S,3,S_s3,5,18,20,h1h2,heuristic,,0.0010279000271111727,0.1800093000056222,,8.925109999952838,17.0,7.0,3.0,0.0,1.0,0.45698159493992935,0.0,True,0.0
S,3,S_s3,5,18,20,ga,heuristic,,0.0058157999301329255,2.4543286999687552,,4.783198099932633,18.0,8.0,3.0,0.0,1.0,0.45698159493992935,0.0,True,5.882352941176471
M,1,M_s1,10,59,96,milp,feasible,24.0,0.7635736999800429,31.512210399960168,,60.407539999927394,65.0,45.0,4.0,0.0,2.0,0.7107266520934555,0.0,True,62.5
M,1,M_s1,10,59,96,milp_cbc,unknown,,,,,60.06183959997725,,,,,,,,,
M,1,M_s1,10,59,96,cpsat,optimal,40.0,0.06875039997976273,3.2605927999829873,3.4944540000287816,3.4944540000287816,40.0,20.0,4.0,0.0,2.0,0.7705857023945409,0.0,True,0.0
M,1,M_s1,10,59,96,h1,heuristic,,0.008415099931880832,0.008415099931880832,,0.008416499942541122,83.0,43.0,5.0,1.0,2.0,0.7445760254935785,0.0,True,107.5
M,1,M_s1,10,59,96,h1h2,heuristic,,0.008447400061413646,40.36807890003547,,60.000225600088015,47.0,27.0,4.0,0.0,2.0,0.7037614348962319,0.0,True,17.5
M,1,M_s1,10,59,96,ga,heuristic,,0.004758200026117265,11.854114499990828,,15.012544599943794,66.0,46.0,4.0,0.0,2.0,0.7576924780129145,0.0,True,65.0
M,2,M_s2,10,54,85,milp,feasible,29.0,0.8724693999392912,14.468391999951564,,60.393159099970944,33.0,13.0,4.0,0.0,2.0,0.7101876150303764,0.0,True,3.125
M,2,M_s2,10,54,85,milp_cbc,feasible,,17.750838900078087,53.85083890007809,,60.08913720003329,44.0,24.0,4.0,0.0,2.0,0.7237946142825915,0.0,True,37.5
M,2,M_s2,10,54,85,cpsat,optimal,32.0,0.06705149996560067,0.4513247999129817,0.4623659999342635,0.4623659999342635,32.0,12.0,4.0,0.0,2.0,0.7237946142825915,0.0,True,0.0
M,2,M_s2,10,54,85,h1,heuristic,,0.005271500092931092,0.005271500092931092,,0.005272499984130263,49.0,19.0,5.0,0.0,3.0,0.7101876150303764,0.0,True,53.125
M,2,M_s2,10,54,85,h1h2,heuristic,,0.005205600056797266,13.726266600075178,,60.00139520002995,34.0,14.0,3.0,0.0,2.0,0.6821598480551547,0.0,True,6.25
M,2,M_s2,10,54,85,ga,heuristic,,0.006873200065456331,2.9153479000087827,,6.127831400022842,41.0,21.0,4.0,0.0,2.0,0.6821598480551547,0.0,True,28.125
M,3,M_s3,10,57,97,milp,feasible,28.0,0.8856351000722498,20.01726700004656,,60.433613300090656,52.0,32.0,4.0,0.0,2.0,0.6850632087692036,0.0,True,33.333333333333336
M,3,M_s3,10,57,97,milp_cbc,feasible,,21.17958460005466,40.35958460005466,,59.886226600036025,71.0,51.0,5.0,0.0,2.0,0.7191373234378191,0.0,True,82.05128205128206
M,3,M_s3,10,57,97,cpsat,optimal,39.0,0.04337650001980364,1.839305100031197,1.8549911000300199,1.8549911000300199,39.0,19.0,4.0,0.0,2.0,0.7452757891700447,0.0,True,0.0
M,3,M_s3,10,57,97,h1,heuristic,,0.006667600013315678,0.006667600013315678,,0.006669200025498867,51.0,21.0,4.0,0.0,3.0,0.7705280746895309,0.0,True,30.76923076923077
M,3,M_s3,10,57,97,h1h2,heuristic,,0.008678699960000813,54.75065770000219,,60.000188699923456,41.0,21.0,5.0,0.0,2.0,0.7057051324600446,0.0,True,5.128205128205129
M,3,M_s3,10,57,97,ga,heuristic,,0.0033345998963341117,4.174090399988927,,5.833999899914488,52.0,22.0,5.0,0.0,3.0,0.7889370366867354,0.0,True,33.333333333333336
L,1,L_s1,20,241,747,milp,unknown,0.0,,,,61.912235300056636,,,,,,,,,
L,1,L_s1,20,241,747,milp_cbc,unknown,,,,,105.5497751000803,,,,,,,,,
L,1,L_s1,20,241,747,cpsat,feasible,60.0,0.1901086000725627,58.96433220000472,,60.17293880006764,128.0,88.0,4.0,0.0,4.0,1.1727827462516733,0.0,True,0.0
L,1,L_s1,20,241,747,h1,heuristic,,0.04878070007544011,0.04878070007544011,,0.04878289997577667,260.0,170.0,5.0,3.0,3.0,1.0661875470191646,0.0,True,103.125
L,1,L_s1,20,241,747,h1h2,heuristic,,0.05256940005347133,58.83217449998483,,60.00091040006373,170.0,130.0,5.0,0.0,4.0,1.0970786941122628,0.0,True,32.8125
L,1,L_s1,20,241,747,ga,heuristic,,0.007114300038665533,21.78835450008046,,25.350768300006166,316.0,236.0,5.0,2.0,4.0,1.1355617620765253,0.0,True,146.875
L,2,L_s2,20,220,649,milp,unknown,62.0,,,,63.399175800033845,,,,,,,,,
L,2,L_s2,20,220,649,milp_cbc,unknown,,,,,66.32299970008899,,,,,,,,,
L,2,L_s2,20,220,649,cpsat,feasible,77.0,0.20406609994824976,38.4204356999835,,60.10797879996244,123.0,83.0,5.0,0.0,4.0,1.15678691580633,0.0,True,0.0
L,2,L_s2,20,220,649,h1,heuristic,,0.029758199932985008,0.029758199932985008,,0.0297593999421224,170.0,100.0,5.0,1.0,5.0,1.2268742428307526,0.0,True,38.21138211382114
L,2,L_s2,20,220,649,h1h2,heuristic,,0.022327899932861328,56.424871499999426,,60.001311099971645,133.0,93.0,5.0,0.0,4.0,1.1833040499158736,0.0,True,8.130081300813009
L,2,L_s2,20,220,649,ga,heuristic,,0.007851599948480725,14.178238199907355,,17.125666599953547,278.0,218.0,5.0,1.0,4.0,1.0887659704955523,0.0,True,126.01626016260163
L,3,L_s3,20,227,694,milp,feasible,0.0,7.36946319998242,7.36946319998242,,63.09468039998319,1575.0,905.0,5.0,31.0,5.0,1.3247256165650583,0.0,True,1400.0
L,3,L_s3,20,227,694,milp_cbc,unknown,,,,,58.8280628999928,,,,,,,,,
L,3,L_s3,20,227,694,cpsat,feasible,62.0,0.298037700005807,57.60419720003847,,60.13996600010432,105.0,65.0,4.0,0.0,4.0,1.1370985873172614,0.0,True,0.0
L,3,L_s3,20,227,694,h1,heuristic,,0.05014790000859648,0.05014790000859648,,0.050151800038293004,185.0,135.0,5.0,1.0,3.0,1.0363134555873008,0.0,True,76.19047619047619
L,3,L_s3,20,227,694,h1h2,heuristic,,0.07005400001071393,56.78760839998722,,60.000623500091024,142.0,102.0,5.0,0.0,4.0,1.143362983292981,0.0,True,35.23809523809524
L,3,L_s3,20,227,694,ga,heuristic,,0.004408800043165684,14.325192300020717,,17.93845449993387,262.0,202.0,5.0,1.0,4.0,1.143362983292981,0.0,True,149.52380952380952
