param,value,size,seed,instance,n_machines,n_stops,n_pairs,method,status,bound,t_first,t_best,t_opt,t_total,objective,sum_dev,max_dev,conflicts,peak,load_std,overload,feasible,gap_best_pct
sync,0.0,M,1,M_sync=0_s1,10,59,100,cpsat,feasible,27.0,0.036550499964505434,9.3258098999504,,20.109761699917726,42.0,22,4,0,2,0.7588125916835351,0,True,0.0
sync,0.0,M,1,M_sync=0_s1,10,59,100,h1,heuristic,,0.018830599961802363,0.018830599961802363,,0.018834899994544685,68.0,48,4,0,2,0.732384927686534,0,True,61.904761904761905
sync,0.0,M,1,M_sync=0_s1,10,59,100,h1h2,heuristic,,0.012973399949260056,12.735606199945323,,20.000519900000654,52.0,32,3,0,2,0.7457158411888181,0,True,23.80952380952381
sync,0.0,M,1,M_sync=0_s1,10,59,100,ga,heuristic,,0.0033840000396594405,1.9452069000108168,,4.208691200008616,67.0,47,4,0,2,0.7256276356049576,0,True,59.523809523809526
sync,0.0,M,2,M_sync=0_s2,10,55,87,cpsat,optimal,34.0,0.039580299984663725,1.865725600044243,16.952707499964163,16.952707499964163,34.0,14,5,0,2,0.6692410022930473,0,True,0.0
sync,0.0,M,2,M_sync=0_s2,10,55,87,h1,heuristic,,0.01176550006493926,0.01176550006493926,,0.011768099968321621,55.0,35,4,0,2,0.6248737882225649,0,True,61.76470588235294
sync,0.0,M,2,M_sync=0_s2,10,55,87,h1h2,heuristic,,0.012918499996885657,17.164790800074115,,20.00082580000162,38.0,18,3,0,2,0.6833902802433349,0,True,11.764705882352942
sync,0.0,M,2,M_sync=0_s2,10,55,87,ga,heuristic,,0.003191900090314448,2.9600418000482023,,5.311352699995041,67.0,47,5,0,2,0.6903561784481214,0,True,97.05882352941177
sync,0.25,M,1,M_sync=0.25_s1,10,60,100,cpsat,optimal,40.0,0.034556200029328465,6.10553180007264,14.65293370001018,14.65293370001018,40.0,20,3,0,2,0.7205616917539782,0,True,0.0
sync,0.25,M,1,M_sync=0.25_s1,10,60,100,h1,heuristic,,0.004871599958278239,0.004871599958278239,,0.0048723999643698335,92.0,52,4,1,2,0.727048019724184,0,True,130.0
sync,0.25,M,1,M_sync=0.25_s1,10,60,100,h1h2,heuristic,,0.005292900023050606,11.83484300004784,,20.000219500041567,47.0,27,4,0,2,0.7461687725101906,0,True,17.5
sync,0.25,M,1,M_sync=0.25_s1,10,60,100,ga,heuristic,,0.002506399992853403,2.34577629994601,,3.8055117999901995,71.0,51,5,0,2,0.727048019724184,0,True,77.5
sync,0.25,M,2,M_sync=0.25_s2,10,58,96,cpsat,optimal,36.0,0.0319197999779135,0.3775869000237435,0.40009799995459616,0.40009799995459616,36.0,16,4,0,2,0.6992408774031466,0,True,0.0
sync,0.25,M,2,M_sync=0.25_s2,10,58,96,h1,heuristic,,0.003082200069911778,0.003082200069911778,,0.0030827000737190247,51.0,31,4,0,2,0.7258460556995885,0,True,41.666666666666664
sync,0.25,M,2,M_sync=0.25_s2,10,58,96,h1h2,heuristic,,0.003090200014412403,12.418934299959801,,20.000104499980807,40.0,20,4,0,2,0.7059861738145473,0,True,11.11111111111111
sync,0.25,M,2,M_sync=0.25_s2,10,58,96,ga,heuristic,,0.0026056000497192144,3.8415050000185147,,5.254319400060922,51.0,31,4,0,2,0.7451768350747332,0,True,41.666666666666664
sync,0.5,M,1,M_sync=0.5_s1,10,59,96,cpsat,optimal,40.0,0.032450899947434664,1.5923687999602407,5.306387900025584,5.306387900025584,40.0,20,4,0,2,0.7244562150285612,0,True,0.0
sync,0.5,M,1,M_sync=0.5_s1,10,59,96,h1,heuristic,,0.004766599973663688,0.004766599973663688,,0.00476779998280108,83.0,43,5,1,2,0.7445760254935785,0,True,107.5
sync,0.5,M,1,M_sync=0.5_s1,10,59,96,h1h2,heuristic,,0.004702799953520298,15.593997899908572,,20.000237199943513,48.0,28,5,0,2,0.7576924780129145,0,True,20.0
sync,0.5,M,1,M_sync=0.5_s1,10,59,96,ga,heuristic,,0.0031814000103622675,6.3707289000740275,,7.812123500043526,66.0,46,4,0,2,0.7576924780129145,0,True,65.0
sync,0.5,M,2,M_sync=0.5_s2,10,54,85,cpsat,optimal,32.0,0.033836300019174814,0.4826298999832943,0.5057108999462798,0.5057108999462798,32.0,12,4,0,2,0.7237946142825915,0,True,0.0
sync,0.5,M,2,M_sync=0.5_s2,10,54,85,h1,heuristic,,0.003306000027805567,0.003306000027805567,,0.003306600032374263,49.0,19,5,0,3,0.7101876150303764,0,True,53.125
sync,0.5,M,2,M_sync=0.5_s2,10,54,85,h1h2,heuristic,,0.0033002999844029546,7.8395174000179395,,20.00045399996452,34.0,14,3,0,2,0.7032853979584381,0,True,6.25
sync,0.5,M,2,M_sync=0.5_s2,10,54,85,ga,heuristic,,0.002810400095768273,1.574265000061132,,3.1306721000000834,41.0,21,4,0,2,0.6821598480551547,0,True,28.125
sync,0.75,M,1,M_sync=0.75_s1,10,62,99,cpsat,optimal,40.0,0.03454649995546788,3.443778399960138,4.389885599957779,4.389885599957779,40.0,20,4,0,2,0.7577654425502652,0,True,0.0
sync,0.75,M,1,M_sync=0.75_s1,10,62,99,h1,heuristic,,0.004805400036275387,0.004805400036275387,,0.0048065000446513295,59.0,39,5,0,2,0.8007459721137619,0,True,47.5
sync,0.75,M,1,M_sync=0.75_s1,10,62,99,h1h2,heuristic,,0.004902899963781238,18.092998999985866,,20.00038039998617,49.0,29,5,0,2,0.7514247054316012,0,True,22.5
sync,0.75,M,1,M_sync=0.75_s1,10,62,99,ga,heuristic,,0.0025036000879481435,1.7800706999842077,,3.1319372000871226,73.0,43,5,0,3,0.8300849365026248,0,True,82.5
sync,0.75,M,2,M_sync=0.75_s2,10,55,85,cpsat,optimal,54.0,0.03098660008981824,0.2559647000161931,0.2867811999749392,0.2867811999749392,54.0,24,4,0,3,0.88700043962386,0,True,0.0
sync,0.75,M,2,M_sync=0.75_s2,10,55,85,h1,heuristic,,0.006236499990336597,0.006236499990336597,,0.00623759999871254,99.0,29,5,2,3,0.8418556879923754,0,True,83.33333333333333
sync,0.75,M,2,M_sync=0.75_s2,10,55,85,h1h2,heuristic,,0.004385099979117513,17.005463399924338,,20.00035009998828,54.0,24,4,0,3,0.8002676530250905,0,True,0.0
sync,0.75,M,2,M_sync=0.75_s2,10,55,85,ga,heuristic,,0.002468799939379096,1.3036255999468267,,2.6729850999545306,81.0,31,4,1,3,0.8360412082213055,0,True,50.0
sync,1.0,M,1,M_sync=1_s1,10,60,92,cpsat,optimal,53.0,0.03143400000408292,1.2801965000107884,1.5066371000139043,1.5066371000139043,53.0,23,4,0,3,0.905010709057333,0,True,0.0
sync,1.0,M,1,M_sync=1_s1,10,60,92,h1,heuristic,,0.003033100045286119,0.003033100045286119,,0.0030336000490933657,1119.0,39,5,2,4,0.9527404338262195,1,False,2011.3207547169811
sync,1.0,M,1,M_sync=1_s1,10,60,92,h1h2,heuristic,,0.0032668999629095197,15.73977460002061,,20.00034989998676,55.0,25,5,0,3,0.8995510918006204,0,True,3.7735849056603774
sync,1.0,M,1,M_sync=1_s1,10,60,92,ga,heuristic,,0.0030254999874159694,1.8430300999898463,,3.221789799979888,106.0,36,4,2,3,0.9050107090573332,0,True,100.0
sync,1.0,M,2,M_sync=1_s2,10,55,85,cpsat,optimal,54.0,0.029656799975782633,0.35774199990555644,0.3762710998998955,0.3762710998998955,54.0,24,4,0,3,0.88700043962386,0,True,0.0
sync,1.0,M,2,M_sync=1_s2,10,55,85,h1,heuristic,,0.0029311999678611755,0.0029311999678611755,,0.0029316999716684222,99.0,29,5,2,3,0.8418556879923754,0,True,83.33333333333333
sync,1.0,M,2,M_sync=1_s2,10,55,85,h1h2,heuristic,,0.003326199948787689,17.168042599922046,,20.00035509990994,54.0,24,4,0,3,0.8002676530250905,0,True,0.0
sync,1.0,M,2,M_sync=1_s2,10,55,85,ga,heuristic,,0.0026946000289171934,1.3505488999653608,,2.7242042999714613,81.0,31,4,1,3,0.8360412082213055,0,True,50.0
