value,method,objective,gap_best_pct,sum_dev,conflicts,peak,load_std,t_first,t_best,t_total,n_optimal
1,cpsat,76.0,0.0,66.0,0.0,1.0,0.468,0.048,5.262,10.039,0
1,ga,3139.0,1365.857,99.0,1.0,2.0,0.509,0.007,5.395,7.911,0
1,h1,5612.5,2722.387,62.5,1.5,2.0,0.532,0.008,0.008,0.008,0
1,h1h2,2072.0,0.0,57.0,0.0,1.5,0.499,0.007,15.019,20.001,0
2,cpsat,36.0,0.0,16.0,0.0,2.0,0.741,0.058,2.639,2.664,2
2,ga,67.0,84.375,47.0,0.0,2.0,0.724,0.006,2.045,4.975,0
2,h1,72.5,100.625,32.5,1.0,2.0,0.72,0.006,0.006,0.006,0
2,h1h2,39.0,7.812,19.0,0.0,2.0,0.737,0.007,13.205,20.001,0
3,cpsat,36.0,0.0,16.0,0.0,2.0,0.744,0.05,3.228,3.249,2
3,ga,53.5,46.562,33.5,0.0,2.0,0.72,0.006,7.32,10.032,0
3,h1,66.0,80.312,31.0,0.5,2.5,0.727,0.005,0.005,0.005,0
3,h1h2,42.0,15.625,22.0,0.0,2.0,0.714,0.006,12.196,20.0,0
4,cpsat,36.0,0.0,16.0,0.0,2.0,0.75,0.06,3.005,3.031,2
4,ga,51.0,38.438,31.0,0.0,2.0,0.727,0.005,4.715,7.434,0
4,h1,66.0,80.312,31.0,0.5,2.5,0.727,0.007,0.007,0.007,0
4,h1h2,41.0,13.438,21.0,0.0,2.0,0.679,0.005,13.405,20.001,0
