value,method,objective,gap_best_pct,sum_dev,conflicts,peak,load_std,t_first,t_best,t_total,n_runs,n_solved,n_feasible,n_optimal,n_infeasible_proved
0.0,cpsat,38.0,0.0,18.0,0.0,2.0,0.714,0.038,5.596,18.531,2,2,2,1,0
0.0,ga,67.0,78.291,47.0,0.0,2.0,0.708,0.003,2.453,4.76,2,2,2,0,0
0.0,h1,61.5,61.835,41.5,0.0,2.0,0.679,0.015,0.015,0.015,2,2,2,0,0
0.0,h1h2,45.0,17.787,25.0,0.0,2.0,0.715,0.013,14.95,20.001,2,2,2,0,0
0.25,cpsat,38.0,0.0,18.0,0.0,2.0,0.71,0.033,3.242,7.527,2,2,2,2,0
0.25,ga,61.0,59.583,41.0,0.0,2.0,0.736,0.003,3.094,4.53,2,2,2,0,0
0.25,h1,71.5,85.833,41.5,0.5,2.0,0.726,0.004,0.004,0.004,2,2,2,0,0
0.25,h1h2,43.5,14.306,23.5,0.0,2.0,0.726,0.004,12.127,20.0,2,2,2,0,0
0.5,cpsat,36.0,0.0,16.0,0.0,2.0,0.724,0.033,1.037,2.906,2,2,2,2,0
0.5,ga,53.5,46.562,33.5,0.0,2.0,0.72,0.003,3.972,5.471,2,2,2,0,0
0.5,h1,66.0,80.312,31.0,0.5,2.5,0.727,0.004,0.004,0.004,2,2,2,0,0
0.5,h1h2,41.0,13.125,21.0,0.0,2.0,0.73,0.004,11.717,20.0,2,2,2,0,0
0.75,cpsat,47.0,0.0,22.0,0.0,2.5,0.822,0.033,1.85,2.338,2,2,2,2,0
0.75,ga,77.0,66.25,37.0,0.5,3.0,0.833,0.002,1.542,2.902,2,2,2,0,0
0.75,h1,79.0,65.417,34.0,1.0,2.5,0.821,0.006,0.006,0.006,2,2,2,0,0
0.75,h1h2,51.5,11.25,26.5,0.0,2.5,0.776,0.005,17.549,20.0,2,2,2,0,0
1.0,cpsat,53.5,0.0,23.5,0.0,3.0,0.896,0.031,0.819,0.941,2,2,2,2,0
1.0,ga,93.5,75.0,33.5,1.5,3.0,0.871,0.003,1.597,2.973,2,2,2,0,0
1.0,h1,609.0,1047.327,34.0,2.0,3.5,0.897,0.003,0.003,0.003,2,2,1,0,0
1.0,h1h2,54.5,1.887,24.5,0.0,3.0,0.85,0.003,16.454,20.0,2,2,2,0,0
